file,split,question_id,question_desc,mistake_agent,mistake_step,mistake_reason,standardized
1.json,Algorithm-Generated,4d51c4bf-4b0e-4f3d-897b-3f6687a7d9f2,"This spreadsheet contains a list of clients for a retractable awning company. Each client has ordered a new awning for the back of their house within the last 90 days. The company makes different designs depending on whether the awning is made to block sunrises or sunsets. In this region, houses with odd-numbered street addresses face east, and houses with even-numbered street addresses face west. How many of these clients will be receiving the sunset awning design?",Excel_Expert,0,"The code failed to handle edge cases in the 'Street Address' data, leading to an incomplete and inaccurate count of even-numbered addresses.",Failure to handle edge cases in input data validation.
2.json,Algorithm-Generated,cf106601-ab4f-4af9-b045-5295fe67b37d,"What country had the least number of athletes at the 1928 Summer Olympics? If there's a tie for a number of athletes, return the first in alphabetical order. Give the IOC country code as your answer.",Verification_Expert,2,The agent starts by generating a simulated dataset and then processes the data to identify the country with the least number of athletes. It should search the web for real historical data.,Agent relied on simulated data instead of external verification.
3.json,Algorithm-Generated,df6561b2-7ee5-4540-baab-5095f742716a,"When you take the average of the standard population deviation of the red numbers and the standard sample deviation of the green numbers in this image using the statistics module in Python 3.11, what is the result rounded to the nearest three decimal points?",Verification_Expert,4,"To answer the question, the agent should not make any assumptions.",Agent made unwarranted assumptions about required data.
4.json,Algorithm-Generated,f2feb6a4-363c-4c09-a804-0db564eafd68,"I’m thinking about selling my home, so I want to learn more about how homes in my area sold recently. I live in Pearl City, Hawaii, which is on the island of Oahu. I know two homes near me that sold in 2022 were 2072 Akaikai Loop, and 2017 Komo Mai Drive. Find which of those homes sold for more in 2022, and tell me how much it sold for. Don’t put commas or decimal places in the answer.",HawaiiRealEstate_Expert,2,"The price provided by HawaiiRealEstate_Expert is incorrect, causing the error to propagate through subsequent steps to the final output.",Propagation of incorrect data from upstream source.
5.json,Algorithm-Generated,42d4198c-5895-4f0a-b0c0-424a66465d83,I'm curious about how much information is available for popular video games before their release. Find the Wikipedia page for the 2019 game that won the British Academy Games Awards. How many revisions did that page have before the month listed as the game's release date on that Wikipedia page (as of the most recent entry from 2022)?,DataVerification_Expert,3,The agent wrote incorrect code and obtained the wrong result.,Code execution error leading to incorrect result.
6.json,Algorithm-Generated,b816bfce-3d80-4913-a07d-69b752ce6377,"In Emily Midkiff's June 2014 article in a journal named for the one of Hreidmar's sons that guarded his house, what word was quoted from two different authors in distaste for the nature of dragon depictions?",Literary_Analysis_Expert,1,"The code calls the arxiv_search tool; however, using other tools, such as perform_web_search, would be more appropriate because arXiv is primarily academically oriented.",Inappropriate tool selection for the query context.
7.json,Algorithm-Generated,5d0080cb-90d7-4712-bc33-848150e917d3,"What was the volume in m^3 of the fish bag that was calculated in the University of Leicester paper ""Can Hiccup Supply Enough Fish to Maintain a Dragon’s Diet?""",ScientificPaperAnalysis_Expert,5,Made an incorrect assumption that the PDF file was available and accessible.,Assumed resource availability without verification.
8.json,Algorithm-Generated,65afbc8a-89ca-4ad5-8d62-355bb401f61d,"You are given this Excel file as a map. You start on the START cell and move toward the END cell. You are allowed to move two cells per turn, and you may move up, down, left, or right. You may not move fewer than two cells, and you may not move backward. You must avoid moving onto any blue cells. On the eleventh turn, what is the 6-digit hex code (without prefix) of the color of the cell where you land after moving?",AlgorithmDesign_Expert,4,"The agent writes code using pandas, which cannot handle the color data in the Excel file. As a result, the code fails to retrieve the color information from the final position.",Library incompatible with required data format.
9.json,Algorithm-Generated,e142056d-56ab-4352-b091-b56054bd1359,"Bob was invited to participate in a game show, and he advanced to the final round. The final round offered Bob the chance to win a large sum by playing a game against the host. The host has 30 shiny prop coins, each of which is worth $1,000 if Bob manages to win them by playing the game. The host hides the coins in three different prize boxes and then shuffles their order. The only rule restricting the host's coin placement is that one box must contain at least 2 coins, and one box must contain 6 more coins than another box. In order to play, Bob must submit three guesses, one guess for the number of coins in each box. The box is then opened and the number of coins is revealed. If Bob's guess is a number greater than the number of coins in the box, Bob earns no coins. If Bob guesses a number equal to or less than the number of coins in the box, Bob wins a number of coins equal to his guess.

If Bob plays uses the optimal strategy, what's the minimum amount of money he can win from the game?",GameTheory_Expert,1,"The calculation incorrectly assumes that Bob's guesses will always match the number of coins in each box, guaranteeing maximum winnings of $30,000. The task specifically asks for the minimum amount Bob can win under an optimal strategy, which requires considering the worst-case scenario.",Incorrect assumption of optimal outcome instead of worst-case analysis.
10.json,Algorithm-Generated,d1af70ea-a9a4-421a-b9cc-94b5e02f1788,"As of the 2020 census, what was the population difference between the largest county seat and smallest county seat, by land area of the county seat, in Washington state? For population figures, please use the official data from data.census.gov. Please report the integer difference.",Validation_Expert,5,"The agent fabricated the population figures for Seattle and Colville, resulting in an incorrect calculation of the population difference.",Agent generated inaccurate factual data.
11.json,Algorithm-Generated,8e867cd7-cff9-4e6c-867a-ff5ddc2550be,How many studio albums were published by Mercedes Sosa between 2000 and 2009 (included)? You can use the latest 2022 version of english wikipedia.,InformationVerification_Expert,6,"The agent wrote incorrect code twice, exhausting the interaction limits.",Agent exhausted interaction limits through repeated incorrect actions.
12.json,Algorithm-Generated,db4fd70a-2d37-40ea-873f-9433dc5e301f,"As of May 2023, how many stops are between South Station and Windsor Gardens on MBTA’s Franklin-Foxboro line (not included)?",Verification_Expert,1,The agent uses its internal knowledge to list the stops on the Franklin-Foxboro line instead of searching for the most accurate and up-to-date information available as of May 2023.,Reliance on outdated or static internal knowledge over dynamic external verification.
13.json,Algorithm-Generated,853c8244-429e-46ca-89f2-addf40dfb2bd,"In the 2015 Metropolitan Museum of Art exhibition titled after the Chinese zodiac animal of 2015, how many of the ""twelve animals of the Chinese zodiac"" have a hand visible?",ArtHistory_Expert,4,The agent fabricates the content of the website and does not actually verify its contents.,Hallucinated content without source verification.
14.json,Algorithm-Generated,dc22a632-937f-4e6a-b72f-ba0ff3f5ff97,What was the complete title of the book in which two James Beard Award winners recommended the restaurant where Ali Khan enjoyed a New Mexican staple in his cost-conscious TV show that started in 2015? Write the numbers in plain text if there are some in the title.,Culinary_Awards_Expert,2,The agent is approaching the task in the wrong direction. It failed to locate the restaurant's name.,Incorrect initial task decomposition or goal formulation.
15.json,Algorithm-Generated,851e570a-e3de-4d84-bcfa-cc85578baa59,"I thought we could try a fun word puzzle together :)

I've got a Boggle board here:

ABRL
EITE
IONS
FPEI

I'd like to know the longest word that can be generated from the board. Please find the longest English language word that can be generated from this board. If more than one word of the same length exists at the maximum word length, please report the longest word that comes first, alphabetically. Oh, and I know that there might be different wordlists available for Boggle, so let's please just use the words_alpha dictionary found at https://github.com/dwyl/english-words as the dictionary for our game.",Boggle_Board_Expert,6,The DFS algorithm is not correctly exploring the possible words on the Boggle board.,Incomplete state space exploration in search algorithm.
16.json,Algorithm-Generated,0512426f-4d28-49f0-be77-06d05daec096,"In the YouTube 360 VR video from March 2018 narrated by the voice actor of Lord of the Rings' Gollum, what number was mentioned by the narrator directly after dinosaurs were first shown in the video?",Narration_Expert,1,The agent hallucinates the video ID and calls the tool with placeholder data. The task is not attempted.,Hallucinated input data leading to invalid tool execution.
17.json,Algorithm-Generated,3ff6b7a9-a5bd-4412-ad92-0cd0d45c0fee,"The longest-lived vertebrate is named after an island.  According to Wikipedia as of January 1, 2021, what is the 2020 estimated population of that island, to the nearest thousand?",Statistics_Expert,4,"The step assumed the extracted population value (56,583) was the 2020 estimate without verifying its accuracy or time frame, leading to an incorrect interpretation.",Assumed extracted data accuracy without temporal verification.
18.json,Algorithm-Generated,23dd907f-1261-4488-b21c-e9185af91d5e,"In Audre Lorde’s poem “Father Son and Holy Ghost”, what is the number of the stanza in which some lines are indented?",Poetry_Expert,7,The agent begins providing the full text of the poem without retrieving the text and formatting from websites.,Failure to retrieve external information before processing.
19.json,Algorithm-Generated,3cef3a44-215e-4aed-8e3b-b1e3f08063b7,"I'm making a grocery list for my mom, but she's a professor of botany and she's a real stickler when it comes to categorizing things. I need to add different foods to different categories on the grocery list, but if I make a mistake, she won't buy anything inserted in the wrong category. Here's the list I have so far:

milk, eggs, flour, whole bean coffee, Oreos, sweet potatoes, fresh basil, plums, green beans, rice, corn, bell pepper, whole allspice, acorns, broccoli, celery, zucchini, lettuce, peanuts

I need to make headings for the fruits and vegetables. Could you please create a list of just the vegetables from my list? If you could do that, then I can figure out how to categorize the rest of the list into the appropriate categories. But remember that my mom is a real stickler, so make sure that no botanical fruits end up on the vegetable list, or she won't get them when she's at the store. Please alphabetize the list of vegetables, and place each item in a comma separated list.",Debugging_Problem_Solving_Expert,0,"The task description is not well aligned with the question, causing the subsequent steps to deviate from the correct direction and leading to an inaccurate or irrelevant resolution.",Task objective misalignment with operational instructions.
20.json,Algorithm-Generated,f3917a3d-1d17-4ee2-90c5-683b072218fe,How many edits were made to the Wikipedia page on Antidisestablishmentarianism from its inception until June of 2023?,WebServing_Expert,0,The plan to solve the problem is incorrect.,Incorrect or flawed solution strategy.
21.json,Algorithm-Generated,ed58682d-bc52-4baa-9eb0-4eb81e1edacc,What is the last word before the second chorus of the King of Pop's fifth single from his sixth studio album?,Lyrics_Expert,0,The expert made a factual error. Thriller is not a song but an album.,Factual inaccuracy in domain knowledge or reference verification.
22.json,Algorithm-Generated,1f975693-876d-457b-a649-393859e79bf3,"Hi, I was out sick from my classes on Friday, so I'm trying to figure out what I need to study for my Calculus mid-term next week. My friend from class sent me an audio recording of Professor Willowbrook giving out the recommended reading for the test, but my headphones are broken :(

Could you please listen to the recording for me and tell me the page numbers I'm supposed to go over? I've attached a file called Homework.mp3 that has the recording. Please provide just the page numbers as a comma-delimited list. And please provide the list in ascending order.",PythonDebugging_Expert,0,The steps to solve this question are completely irrelevant to the question.,Incorrect or irrelevant procedural execution.
23.json,Algorithm-Generated,6b078778-0b90-464d-83f6-59511c811b01,"The Metropolitan Museum of Art has a portrait in its collection with an accession number of 29.100.5. Of the consecrators and co-consecrators of this portrait's subject as a bishop, what is the name of the one who never became pope?",Church_Historian_Expert,3,The code is incorrect because it does not import the necessary Python packages.,Missing or incorrect external dependency import.
24.json,Algorithm-Generated,65da0822-a48a-4a68-bbad-8ed1b835a834,"All of the individuals who formally held the position of United States secretary of homeland security prior to April 2019, excluding those who held the position in an acting capacity, have a bachelor's degree. Of the universities that these bachelor's degrees were from, which is the westernmost university and which is the easternmost university? Give them to me as a comma-separated list, I only want the name of the cities where the universities are located, with the westernmost city listed first.",PythonDebugging_Expert,0,"The task description and focus were unrelated to the actual question of identifying cities based on university locations. The debugging effort focused on an irrelevant issue, diverting attention from solving the actual task.",Misaligned focus on irrelevant task aspects
25.json,Algorithm-Generated,c61d22de-5f6c-4958-a7f6-5e9707bd3466,"A paper about AI regulation that was originally submitted to arXiv.org in June 2022 shows a figure with three axes, where each axis has a label word at both ends. Which of these words is used to describe a type of society in a Physics and Society article submitted to arXiv.org on August 11, 2016?",ModelEvaluation_Interpretation_Expert,4,"The agent begins using placeholder values in the code, which results in failure.",Agent incorrectly substitutes placeholders for actual data.
26.json,Algorithm-Generated,7d4a7d1d-cac6-44a8-96e8-ea9584a70825,"According to Girls Who Code, how long did it take in years for the percentage of computer scientists that were women to change by 13% from a starting point of 37%?",WomenInComputerScienceHistory_Expert,3,"The WomenInComputerScienceHistory_Expert did not extract the correct information. The end year should be 2017, not 2022.",Incorrect temporal or sequential data extraction.
27.json,Algorithm-Generated,7a4a336d-dcfa-45a0-b014-824c7619e8de,"At the two-minute mark in the YouTube video uploaded by the channel “GameGrumps” on May 14, 2017 as part of their playthrough of the game Mario Kart 8 Deluxe, the shows’ hosts are competing on one of the game’s racetracks. What was the world record time for that track in the game’s 150cc mode as of June 7, 2023? Express your answer in minutes and seconds, rounding the seconds to the nearest hundredth, e.g. 1:01.001.",DataVerification_Expert,1,Using YouTube tools is more appropriate.,Inadequate tool selection for required information retrieval.
28.json,Algorithm-Generated,0e9e85b8-52b9-4de4-b402-5f635ab9631f,What is the latest chronological year date written in the image on the webpage found when following the first citation reference link on the latest version of Carl Nebel's Wikipedia page as of August 2023?,DataVerification_Expert,8,"The code provided by DataVerification_Expert is not working, resulting in the failure of execution.",Agent dependency failure due to non-functional code.
29.json,Algorithm-Generated,d5141ca5-e7a0-469f-bf3e-e773507c86e2,When was a picture of St. Thomas Aquinas first added to the Wikipedia page on the Principle of double effect? Answer using the format DD/MM/YYYY.,WebServing_Expert,3,The answer provided by WebServing_Expert was incorrect.,Incorrect information provided by upstream data source.
30.json,Algorithm-Generated,99c9cc74-fdc8-46c6-8f8d-3ce2d3bfeea3,"Hi, I'm making a pie but I could use some help with my shopping list. I have everything I need for the crust, but I'm not sure about the filling. I got the recipe from my friend Aditi, but she left it as a voice memo and the speaker on my phone is buzzing so I can't quite make out what she's saying. Could you please listen to the recipe and list all of the ingredients that my friend described? I only want the ingredients for the filling, as I have everything I need to make my favorite pie crust. I've attached the recipe as Strawberry pie.mp3.

In your response, please only list the ingredients, not any measurements. So if the recipe calls for ""a pinch of salt"" or ""two cups of ripe strawberries"" the ingredients on the list would be ""salt"" and ""ripe strawberries"".

Please format your response as a comma separated list of ingredients. Also, please alphabetize the ingredients.",Culinary_Expert,3,The Culinary_Expert incorrectly included 'salt' as an ingredient and misinterpreted 'fresh strawberries' as 'ripe strawberries' from the transcription.,Incorrect transcription and misinterpretation of ambiguous source data.
31.json,Algorithm-Generated,56137764-b4e0-45b8-9c52-1866420c3df5,Which contributor to the version of OpenCV where support was added for the Mask-RCNN model has the same name as a former Chinese head of government when the names are transliterated to the Latin alphabet?,Verification_Expert,3,The expert directly reached a conclusion without further verifying the search results. The OpenCV contribution list is incomplete.,Failure to verify information against source data.
32.json,Algorithm-Generated,73c1b9fe-ee1d-4cf4-96ca-35c08f97b054,"According to the USGS, in what year was the American Alligator first found west of Texas (not including Texas)?",SpeciesSightingsData_Expert,1,The code provided by SpeciesSightingsData_Expert is incorrect.,Agent provided incorrect or inaccurate data.
33.json,Algorithm-Generated,114d5fd0-e2ae-4b6d-a65a-870da2d19c08,"In the endnote found in the second-to-last paragraph of page 11 of the book with the doi 10.2307/j.ctv9b2xdv, what date in November was the Wikipedia article accessed? Just give the day of the month.",InformationExtraction_Expert,8,"While obtaining the web link, the expert should download the PDF file and extract the corresponding text. They should not rely on web search to locate specific content within the book.",Incorrect resource access method used for required information extraction.
34.json,Algorithm-Generated,54612da3-fd56-4941-80f4-5eb82330de25,The attached file shows the locomotives in the collection of a North American railroad museum. How many wheels do the listed steam locomotives have in total?,Locomotive_Expert,4,"The agent made a mistake in calculating the total number of wheels for the steam locomotives. The Whyte notation directly represents the number of leading, driving, and trailing wheels on one side of the locomotive. Therefore, the total number of wheels is simply the sum of these numbers, not the sum multiplied by 2.",Incorrect interpretation of notation leading to miscalculation.
35.json,Algorithm-Generated,71345b0a-9c7d-4b50-b2bf-937ec5879845,"On a leap day before the year 2008, a joke was removed from the Wikipedia page for “Dragon”. What was the phrase that was removed? Give the phrase as it appeared on the page, but without punctuation.",WebServing_Expert,8,"The agent should review the page history of the Wikipedia article to obtain the information. Instead, it initiated a search on Bing.",Failure to utilize specified information retrieval protocol.
36.json,Algorithm-Generated,9318445f-fe6a-4e1b-acbf-c68228c9906a,"As a comma separated list with no whitespace, using the provided image provide all the fractions that use / as the fraction line and the answers to the sample problems. Order the list by the order in which the fractions appear.",ProblemSolving_Expert,2,The expert misinterprets the output of the OCR function and provides the simplified fractions in an incorrect format.,Output format misinterpretation
37.json,Algorithm-Generated,50ec8903-b81f-4257-9450-1085afd2c319,"A standard Rubik’s cube has been broken into cubes making up its sides. The cubes are jumbled, and one is removed. There are 6 cubes with one colored face, 12 edge cubes with two colored faces, and 8 corner cubes with three colored faces. All blue cubes have been found. All cubes directly left, right, above, and below the orange center cube have been found, along with the center cube. The green corners have all been found, along with all green that borders yellow. For all orange cubes found, the opposite face’s cubes have been found. The removed cube has two colors on its faces. What are they? Answer using a comma separated list, with the colors ordered alphabetically.",Cubing_Expert,1,The answer provided by Cubing_Expert was incorrect.,Agent provided factually incorrect final output.
38.json,Algorithm-Generated,305ac316-eef6-4446-960a-92d80d542f82,Who did the actor who played Ray in the Polish-language version of Everybody Loves Raymond play in Magda M.? Give only the first name.,Polish_TV_Series_Expert,2,The agent provide the wrong name of the actor,Incorrect entity identification or attribute assignment.
39.json,Algorithm-Generated,17b5a6a3-bc87-42e8-b0fb-6ab0781ef2cc,"I’m researching species that became invasive after people who kept them as pets released them. There’s a certain species of fish that was popularized as a pet by being the main character of the movie Finding Nemo. According to the USGS, where was this fish found as a nonnative species, before the year 2020? I need the answer formatted as the five-digit zip codes of the places the species was found, separated by commas if there is more than one place.",GIS_DataAnalysis_Expert,1,GIS_DataAnalysis_Expert did not directly access the USGS database to verify the ZIP codes. The expert should have independently verified the ZIP codes using the USGS database to ensure the accuracy of the findings.,Reliance on unverified external data without independent source confirmation.
40.json,Algorithm-Generated,08f3a05f-5947-4089-a4c4-d4bcfaa6b7a0,"Given $x_0 = -5$ and $f(x) = x^3 + 4x^2 - 3x + 8$, what is the smallest $n$ where using Newton's Method $n = n+1$ after rounding to four decimal places?",Verification_Expert,3,The agent wrote incorrect code to calculate the desired value.,Implementation error in algorithm execution logic.
41.json,Algorithm-Generated,42576abe-0deb-4869-8c63-225c2d75a95a,"In the fictional language of Tizin, basic sentences are arranged with the Verb first, followed by the direct object, followed by the subject of the sentence. I want to express my love for apples to my Tizin friend. 

The word that indicates oneself is ""Pa"" is the nominative form, ""Mato"" is the accusative form, and ""Sing"" is the genitive form. 

The root verb that indicates an intense like for something is ""Maktay"". When it is used in the present, it is used in it's root form, when it is used in the preterit past, it is ""Tay"", and when it is used in the imperfect past, it is ""Aktay"". It is used differently than in English, and is better translated as ""is pleasing to"", meaning that the thing doing the liking is actually the object of the sentence rather than the subject.

The word for apples is borrowed from English in Tizin, and so it is ""Apple"" is the nominative form, ""Zapple"" is the accusative form, and ""Izapple"" is the genitive form. 

Please translate ""I like apples"" to Tizin.",Tizin_Translation_Expert,1,"The reasoning provided by Tizin_Translation_Expert is incorrect, as the accusative case should be used instead of the nominative case when expressing oneself.",Incorrect case assignment for syntactic role in translation.
42.json,Algorithm-Generated,e0c10771-d627-4fd7-9694-05348e54ee36,"Take the gender split from the 2011 Bulgarian census about those who have completed tertiary education. Subtract the smaller number from the larger number, then return the difference in thousands of women. So if there were 30.1 thousand more men, you'd give ""30.1""",Verification_Expert,1,The answer provided by Verification_Expert was incorrect.,Incorrect verification of intermediate result.
43.json,Algorithm-Generated,16d825ff-1623-4176-a5b5-42e0f5c2b0ac,"What time was the Tri-Rail train that carried the most passengers on May 27, 2019 scheduled to arrive in Pompano Beach? Express your answer in the 12-hour digital clock format without leading zero if any, and include whether it is AM or PM.",DataAnalysis_Expert,0,"To solve this problem, a web search approach should be used, as there are no attached files for this task. The error occurred because the required tool was not invoked.",Failure to invoke necessary external tool.
44.json,Algorithm-Generated,ad2b4d70-9314-4fe6-bfbe-894a45f6055f,Eva Draconis has a personal website which can be accessed on her YouTube page. What is the meaning of the only symbol seen in the top banner that has a curved line that isn't a circle or a portion of a circle? Answer without punctuation.,WebDevelopment_Expert,1,The code provided by WebDevelopment_Expert is incorrect.,Agent provided incorrect or invalid solution
45.json,Algorithm-Generated,04a04a9b-226c-43fd-b319-d5e89743676f,"If we assume all articles published by Nature in 2020 (articles, only, not book reviews/columns, etc) relied on statistical significance to justify their findings and they on average came to a p-value of 0.04, how many papers would be incorrect as to their claims of statistical significance? Round the value up to the next integer.",PublicationData_Expert,1,"The agent makes an incorrect assumption that the total number of articles is 1,000. However, the exact number of articles published by Nature in 2020 is not provided in the question. The agent should have used the exact number of articles to accurately calculate the number of incorrect papers.",Incorrect assumption about required input data.
46.json,Algorithm-Generated,c714ab3a-da30-4603-bacd-d008800188b9,"You are Van Helsing, a renowned vampire hunter. A Count of Moldova, Lațcu IV, son of  Costea, has tasked you with investigating the village of Șirnea in neighboring Wallachia. The Count's advisors have reported that a vampire was spotted crossing the border near the village, and would like you to investigate it.

You travel to the village of Șirnea, and you begin your investigation. One night, just before dawn, you catch a glimpse of a man in a long black cape with red lining leaping from roof-top to roof-top with superhuman agility. It's a vampire! You try to chase the creature back to its home, but the creature is too fast. However, because of the remoteness of the village, you know with absolute certainty that the vampire must be a resident of the village. You decide that your best course of action will be to visit all 100 residents of the town during the day. You know something about vampires and humans that will make your investigation possible; humans always tell the truth, but vampires always lie.

In the afternoon, you go from house to house, speaking with all 100 residents of Șirnea. You ask everyone the same question: ""How many vampires are living in Șirnea"". Everyone in the village gives the same response, ""At least one of us is a human.""

How many residents of Șirnea have been turned into vampires?",Behavioral_Expert,1,"The agent made a logical error in reasoning about scenario 2. If there is at least one vampire, then the statement 'At least one of us is a human,' made by vampires, would be true and would lead to a contradiction.",Logical inconsistency in handling contradictory truth conditions.
47.json,Algorithm-Generated,0bb3b44a-ede5-4db5-a520-4e844b0079c5,"Consider the following symbols: 𒐜  𒐐𒐚

This is a number written using the Mesopotamian/Babylonian number system and represented with Sumerian cuneiform. Convert this number into Arabic numerals as a decimal number.",Mesopotamian_Number_Systems_Expert,1,"The conversion process from the Babylonian number system to decimal numbers is flawed, which would result in an incorrect calculation.",Incorrect conversion between numerical representation systems.
48.json,Algorithm-Generated,6359a0b1-8f7b-499b-9336-840f9ab90688,What is the area of the green polygon in the attached file? The numbers in purple represent the lengths of the side they are next to.,Geometry_Expert,6,The agent incorrectly assumed the polygon to be a regular hexagon.,Incorrect geometric shape assumption.
49.json,Algorithm-Generated,cffe0e32-c9a6-4c52-9877-78ceb4aaa9fb,"An office held a Secret Santa gift exchange where each of its twelve employees was assigned one other employee in the group to present with a gift. Each employee filled out a profile including three likes or hobbies. On the day of the gift exchange, only eleven gifts were given, each one specific to one of the recipient's interests. Based on the information in the document, who did not give a gift?",Validation_Expert,2,"The expert should not use OCR, and analyzing data is not the responsibility of the Validation_Expert, leading to the exhaustion of step limits.",Agent role boundary violation causing process termination
50.json,Algorithm-Generated,076c8171-9b3b-49b9-a477-244d2a532826,"The attached file contains a list of vendors in the Liminal Springs mall, along with each vendor’s monthly revenue and the rent they pay the mall. I want you to find the vendor that makes the least money, relative to the rent it pays. Then, tell me what is listed in the “type” column for that vendor.",DataAnalysis_Expert,3,The code is incorrect because it attempts to extract columns that do not exist.,Incorrect data schema or column reference.
51.json,Algorithm-Generated,2a649bb1-795f-4a01-b3be-9a01868dae73,What are the EC numbers of the two most commonly used chemicals for the virus testing method in the paper about SPFMV and SPCSV in the Pearl Of Africa from 2016? Return the semicolon-separated numbers in the order of the alphabetized chemicals.,PythonDebugging_Expert,0,The agent provided information that is completely irrelevant to the problems.,Agent provided irrelevant information to query.
52.json,Algorithm-Generated,b9763138-c053-4832-9f55-86200cb1f99c,Compute the check digit the Tropicos ID for the Order Helotiales would have if it were an ISBN-10 number.,ISBNCheckDigit_Expert,0,The code is incorrect for the task.,Incorrect algorithm or formula implementation.
53.json,Algorithm-Generated,a7feb290-76bb-4cb7-8800-7edaf7954f2f,How many High Energy Physics - Lattice articles listed in January 2020 on Arxiv had ps versions available?,Verification_Expert,1,The Verification_Expert provided incorrect code to solve the task.,Verification agent provided erroneous procedural instructions.
54.json,Algorithm-Generated,a0068077-79f4-461a-adfe-75c1a4148545,What was the actual enrollment count of the clinical trial on H. pylori in acne vulgaris patients from Jan-May 2018 as listed on the NIH website?,Clinical_Trial_Data_Analysis_Expert,5,The answer provided by Clinical_Trial_Data_Analysis_Expert was incorrect.,Incorrect data retrieval or interpretation by an agent.
55.json,Algorithm-Generated,840bfca7-4f7b-481a-8794-c560c340185d,"On June 6, 2023, an article by Carolyn Collins Petersen was published in Universe Today. This article mentions a team that produced a paper about their observations, linked at the bottom of the article. Find this paper. Under what NASA award number was the work performed by R. G. Arendt supported by?",WebServing_Expert,5,The WebServing_Expert failed to retrieve useful information from the paper link.,Failure to parse or extract information from a provided resource.
56.json,Algorithm-Generated,023e9d44-96ae-4eed-b912-244ee8c3b994,"It's May 2023, and I'm about to drive across the U.S. from California to Maine. I always recycle my water bottles at the end of a trip, and I drink 5 12-ounce water bottles for every 100 miles I travel, rounded to the nearest 100. Assuming I follow I-40 from Los Angeles to Cincinnati, then take I-90 from Cincinnati to Augusta, how many dollars will I get back according to Wikipedia?",Validation_Expert,5,"The conversation did not verify the exact recycling rate from the Wikipedia link, which was a crucial step in validating the total amount of money. Assumptions based on general knowledge were made instead of confirming the specific rate from Wikipedia.",Failure to verify critical external data source.
57.json,Algorithm-Generated,bfcd99e1-0690-4b53-a85c-0174a8629083,How many applicants for the job in the PDF are only missing a single qualification?,TextExtraction_Expert,0,The code is wrong.,Incorrect or flawed algorithmic implementation.
58.json,Algorithm-Generated,d0633230-7067-47a9-9dbf-ee11e0a2cdd6,"In the Scikit-Learn July 2017 changelog, what other predictor base command received a bug fix? Just give the name, not a path.",Verification_Expert,1,"The expert incorrectly identified BaseBagging as the predictor base command that received a bug fix, when, according to the ground truth, it should have been BaseLabelPropagation.",Incorrect identification of the corrected component.
59.json,Algorithm-Generated,1dcc160f-c187-48c2-b68e-319bd4354f3d,"According to Openreview.net, at the NeurIPS 2022 Conference, how many papers by an author named Yuri were accepted with a ""certain"" recommendation?",DataExtraction_Expert,1,"The expert wrote code with bugs multiple times, leading to the exhaustion of the step limits.",Agent exceeded computational resource constraints.
60.json,Algorithm-Generated,e29834fd-413a-455c-a33e-c3915b07401c,"I'd like to learn more about some popular reality television competition shows. As of the end of the 44th season of the American version of Survivor, how many more unique winners have there been compared to the number of winners of American Idol?",DataAnalysis_Expert,3,"The expert wrote code with bugs, leading the following experts to follow the same method for extracting winner information in an incorrect way.",Cascading error propagation due to incorrect foundational methodology.
61.json,Algorithm-Generated,b7f857e4-d8aa-4387-af2a-0e844df5b9d8,"The attached image contains a Python script. Run the Python code against an array of strings, listed below. The output of the Python script will be a URL containing C++ source code. Compile and run this C++ code against the array [35, 12, 8, 99, 21, 5] and return the sum of the third and fifth integers in the sorted list.

arr = ['_alg', 'ghi', 'C++', 'jkl', 'tps', '/Q', 'pqr', 'stu', ':', '//', 'rose', 'vwx', 'yz1', '234', 'tta', '567', '890', 'cod', 'e.', 'or', 'g/', 'wiki', '/', 'ing', 'sort', 'abc' , 'or', 'it', 'hms', 'mno' , 'uic', 'ksort', '#', 'ht' ]",PythonProgramming_Expert,5,"The script failed to locate the C++ code on the webpage because it was not targeting the correct elements. Despite multiple attempts to extract the code, the specific structure or class of the C++ content was overlooked.",Failure to identify and target correct structural elements for data extraction.
62.json,Algorithm-Generated,e4e91f1c-1dcd-439e-9fdd-cb976f5293fd,"I need to fact-check a citation. This is the citation from the bibliography:

Greetham, David. ""Uncoupled: OR, How I Lost My Author(s)."" Textual Cultures: Texts, Contexts, Interpretation, vol. 3 no. 1, 2008, p. 45-46. Project MUSE, doi:10.2979/tex.2008.3.1.44.

And this is the in-line citation:

Our relationship with the authors of the works we read can often be “obscured not by a ""cloak of print"" but by the veil of scribal confusion and mis-transmission” (Greetham 45-46).

Does the quoted text match what is actually in the article? If Yes, answer Yes, otherwise, give me the word in my citation that does not match with the correct one (without any article).",Research_Expert,2,"The expert provided incorrect text in the in-line citation, leading to an error in the comparison. The correct word in the citation that does not match is 'cloak.'",Agent provided incorrect reference data.
63.json,Algorithm-Generated,8f80e01c-1296-4371-9486-bb3d68651a60,"Using bass clef notes, what is the age of someone who has experienced the word spelled out in the sheet music by the note letters the total number of lines and notes minus the number of notes on lines in the image?",MusicTheory_Expert,5,The expert fails to view the image and hallucinates the notes.,Agent lacks required perceptual input capability.
64.json,Algorithm-Generated,b4cc024b-3f5e-480e-b96a-6656493255b5,The photograph in the Whitney Museum of American Art's collection with accession number 2022.128 shows a person holding a book. Which military unit did the author of this book join in 1813? Answer without using articles.,MilitaryHistory_Expert,1,"The code provided by MilitaryHistory_Expert is unreasonable, as it is overly hasty. He should investigate step by step instead of attempting to find the solution all at once.",Premature solution synthesis without systematic intermediate reasoning
65.json,Algorithm-Generated,05407167-39ec-4d3a-a234-73a9120c325d,"In the 2018 VSCode blog post on replit.com, what was the command they clicked on in the last video to remove extra lines?",VideoContentAnalysis_Expert,1,The code is incorrect for the task.,Incorrect algorithm or logic for the problem.
66.json,Algorithm-Generated,87c610df-bef7-4932-b950-1d83ef4e282b,"In April of 1977, who was the Prime Minister of the first place mentioned by name in the Book of Esther (in the New International Version)?",BiblicalScholar_Expert,1,The agent made an error in identifying the first place mentioned by name in the Book of Esther (NIV). It incorrectly identified 'Susa' as the first place mentioned.,Incorrect identification of primary referenced entity.
67.json,Algorithm-Generated,8b3379c0-0981-4f5b-8407-6444610cb212,What is the maximum length in meters of #9 in the first National Geographic short on YouTube that was ever released according to the Monterey Bay Aquarium website? Just give the number.,Verification_Expert,4,The expert did not perform any verifications and instead directly gave the conclusion.,Failure to verify information before providing a conclusion.
68.json,Algorithm-Generated,c365c1c7-a3db-4d5e-a9a1-66f56eae7865,"Of the cities within the United States where U.S. presidents were born, which two are the farthest apart from the westernmost to the easternmost going east, giving the city names only? Give them to me in alphabetical order, in a comma-separated list",Verification_Expert,3,"The expert made a factual error. The execution result is Braintree, Massachusetts, and Honolulu, Hawaii, rather than Honolulu, Hawaii, and Quincy, Massachusetts.",Incorrect factual substitution within valid result set.
69.json,Algorithm-Generated,9d191bce-651d-4746-be2d-7ef8ecadb9c2,"Examine the video at https://www.youtube.com/watch?v=1htKBjuUWec.

What does Teal'c say in response to the question ""Isn't that hot?""",VideoContentAnalysis_Expert,1,The code is wrong,Agent provided factually incorrect or nonsensical output.
70.json,Algorithm-Generated,14569e28-c88c-43e4-8c32-097d35b9a67d,"In Unlambda, what exact charcter or text needs to be added to correct the following code to output ""For penguins""? If what is needed is a character, answer with the name of the character. If there are different names for the character, use the shortest. The text location is not needed. Code:

`r```````````.F.o.r. .p.e.n.g.u.i.n.si",PythonDebugging_Expert,0,The question is not related to Python. He misunderstood the problem and failed to solve it.,Task domain misidentification
71.json,Algorithm-Generated,ecbc4f94-95a3-4cc7-b255-6741a458a625,How many images are there in the latest 2022 Lego english wikipedia article?,DataExtraction_Expert,1,The code provided by DataExtraction_Expert is incorrect. Executing the code did not yield the correct information.,Incorrect or malformed code execution by a dependent agent.
72.json,Algorithm-Generated,7619a514-5fa8-43ef-9143-83b66a43d7a4,"According to github, when was Regression added to the oldest closed numpy.polynomial issue that has the Regression label in MM/DD/YY?",API_Expert,8,The time of the oldest closed issue is not the same as the time when the 'Regression' label was added to the issue. The agent should have retrieved the event when the label was added to determine the correct date.,Failure to verify temporal correlation between event and metadata annotation.
73.json,Algorithm-Generated,4b6bb5f7-f634-410e-815d-e673ab7f8632,"In Series 9, Episode 11 of Doctor Who, the Doctor is trapped inside an ever-shifting maze. What is this location called in the official script for the episode? Give the setting exactly as it appears in the first scene heading.",VideoAnalysis_Expert,1,"The expert provided the setting as 'INT. CASTLE BEDROOM' instead of the correct setting, 'THE CASTLE.'",Incorrect abstraction of environmental context.
74.json,Algorithm-Generated,5188369a-3bbe-43d8-8b94-11558f909a08,"What writer is quoted by Merriam-Webster for the Word of the Day from June 27, 2022?",MerriamWebsterWordOfTheDay_Historian_Expert,4,The code provided by MerriamWebsterWordOfTheDay_Historian_Expert is incorrect. Executing the code did not return the correct information.,Agent executed code with incorrect or non-functional logic.
75.json,Algorithm-Generated,0b260a57-3f3a-4405-9f29-6d7a1012dbfb,"On ScienceDirect, what is the difference to 3 decimal places in the sample standard deviations of the number of Reference Works in each Life Science domain compared to Health Sciences as of 2022?",Data_Collection_Expert,1,"The data provided by the Data_Collection_Expert for the reference works in Life Science and Health Sciences is incorrect or hypothetical, leading to an incorrect calculation of standard deviations and their difference.",Inaccurate or fabricated source data provided to downstream agents.
76.json,Algorithm-Generated,a0c07678-e491-4bbc-8f0b-07405144218f,"Who are the pitchers with the number before and after Taishō Tamai's number as of July 2023? Give them to me in the form Pitcher Before, Pitcher After, use their last names only, in Roman characters.",Validation_Expert,5,"The expert wrote code with bugs multiple times, leading to the exhaustion of the step limits.",Agent exceeded computational resource limits due to repeated faulty execution.
77.json,Algorithm-Generated,a1e91b78-d3d8-4675-bb8d-62741b4b68a6,"In the video https://www.youtube.com/watch?v=L1vXCYZAYYM, what is the highest number of bird species to be on camera simultaneously?",YouTubeDownload_Expert,0,"The agent assumes that the video is available for download, exhausting the step limit.",Failure due to incorrect resource availability assumption.
78.json,Algorithm-Generated,65638e28-7f37-4fa7-b7b9-8c19bb609879,"The book with the doi 10.1353/book.24372 concerns a certain neurologist. According to chapter 2 of the book, what author influenced this neurologist’s belief in “endopsychic myths”? Give the last name only.",Neurology_Expert,9,"The expert should not suggest manual inspection. Instead, they should use relevant tools or methods to extract the required information. Additionally, too many incorrect codes are being suggested.",Inappropriate solution approach and excessive incorrect suggestions.
79.json,Algorithm-Generated,e8cb5b03-41e0-4086-99e5-f6806cd97211,"I went to Virtue restaurant & bar in Chicago for my birthday on March 22, 2021 and the main course I had was delicious!  Unfortunately, when I went back about a month later on April 21, it was no longer on the dinner menu.  Using the Wayback Machine, can you help me figure out which main course was on the dinner menu for Virtue on March 22, 2021 but not April 21, 2021? Answer using the singular form, without articles.",WaybackMachine_Expert,1,The code provided by WaybackMachine_Expert is not reasonable.,Agent provided logically inconsistent or invalid solution.
80.json,Algorithm-Generated,0bdb7c40-671d-4ad1-9ce3-986b159c0ddc,"In NASA's Astronomy Picture of the Day on 2006 January 21, two astronauts are visible, with one appearing much smaller than the other. As of August 2023, out of the astronauts in the NASA Astronaut Group that the smaller astronaut was a member of, which one spent the least time in space, and how many minutes did he spend in space, rounded to the nearest minute? Exclude any astronauts who did not spend any time in space. Give the last name of the astronaut, separated from the number of minutes by a semicolon.",PythonDebugging_Expert,0,The experts incorrectly present the problems.,Incorrect problem decomposition or task allocation.
81.json,Algorithm-Generated,a56f1527-3abf-41d6-91f8-7296d6336c3f,"The cover of the August 2021 issue of Vogue shows a famous landmark in the background behind some trees. How tall is this monument in yards, rounded to the nearest yard? Give the number only.",DataVerification_Expert,5,The expert doesn't take any action to analyze the image but directly reaches the conclusion that the background is the Eiffel Tower.,Agent bypassed analysis and made an unverified assumption.
82.json,Algorithm-Generated,e1fc63a2-da7a-432f-be78-7c4a95598703,"If Eliud Kipchoge could maintain his record-making marathon pace indefinitely, how many thousand hours would it take him to run the distance between the Earth and the Moon its closest approach? Please use the minimum perigee value on the Wikipedia page for the Moon when carrying out your calculation. Round your result to the nearest 1000 hours and do not use any comma separators if necessary.",Marathon_Expert,4,"The agent made a mistake in rounding the calculated time to the nearest 1,000 hours. The calculated time was approximately 16,788.35 hours, which should have been rounded to 17,000 hours. However, the agent incorrectly rounded the value to 16,000 hours instead.",Incorrect rounding of a numerical result to a specified precision.
83.json,Algorithm-Generated,48eb8242-1099-4c26-95d4-ef22b002457a,How many nonindigenous crocodiles were found in Florida from the year 2000 through 2020? You can get the data from the USGS Nonindigenous Aquatic Species database.,DataAnalysis_Expert,8,The agent failed to locate the correct URL for the dataset from the USGS Nonindigenous Aquatic Species database.,Failure to locate required external data source.
84.json,Algorithm-Generated,cca530fc-4052-43b2-b130-b30968d8aa44,Review the chess position provided in the image. It is black's turn. Provide the correct next move for black which guarantees a win. Please provide your response in algebraic notation.,Chess_Expert,7,The agent directly reaches a conclusion without taking any actual actions.,Premature conclusion without action execution.
85.json,Algorithm-Generated,624cbf11-6a41-4692-af9c-36b3e5ca3130,What's the last line of the rhyme under the flavor name on the headstone visible in the background of the photo of the oldest flavor's headstone in the Ben & Jerry's online flavor graveyard as of the end of 2022?,BenAndJerrysFlavors_Expert,6,"Incorrectly identified the background headstone in the photo of Dastardly Mash as Crème Brulee, leading to the extraction of the wrong last line of the rhyme.",Misidentification of primary target within a multi-source context.
86.json,Algorithm-Generated,72e110e7-464c-453c-a309-90a95aed6538,"Under DDC 633 on Bielefeld University Library's BASE, as of 2020, from what country was the unknown language article with a flag unique from the others?",Library_Database_Expert,0,The code is not appropriate for the task.,Inappropriate tool or method selection for problem context.
87.json,Algorithm-Generated,f46b4380-207e-4434-820b-f32ce04ae2a4,"It is 1999. Before you party like it is 1999, please assist me in settling a bet.

Fiona Apple and Paula Cole released albums prior to 1999. Of these albums, which didn't receive a letter grade from Robert Christgau? Provide your answer as a comma delimited list of album titles, sorted alphabetically.",Music_Critic_Expert,1,"According to the answer, the album Tidal by Fiona Apple did not receive a letter grade from Robert Christgau. However, the Music_Critic_Expert stated that the album Tidal received a grade of B from him.",Agent provided factually incorrect information.
88.json,Algorithm-Generated,08cae58d-4084-4616-b6dd-dd6534e4825b,"According to Google Finance, when was the first year the Apple stock went above $50 (without adjusting for stock split)?",FinancialData_Expert,0,The code provided by FinancialData_Expert is incorrect.,Agent provided incorrect or inaccurate data.
89.json,Algorithm-Generated,3f57289b-8c60-48be-bd80-01f8099ca449,How many at bats did the Yankee with the most walks in the 1977 regular season have that same season?,Validation_Expert,8,Give the wrong final answer and directly reach an incorrect conclusion.,Incorrect final answer due to premature conclusion.
90.json,Algorithm-Generated,c8b7e059-c60d-472e-ad64-3b04ae1166dc,"The work referenced in footnote 397 of Federico Lauria's 2014 dissertation is also the source for the titles of two paintings in the Smithsonian American Art Museum's collection, as of August 2023. What is the absolute difference between the chapter numbers of the chapters that the titles of these two paintings quote?",Federico_Lauria_Expert,5,"The agent should use Python to obtain the website content and extract the chapter numbers quoted in the titles of the paintings. Instead, it is suggested to manually extract the chapter numbers from the painting titles.",Agent bypassed automated data extraction for manual method.
91.json,Algorithm-Generated,32102e3e-d12a-4209-9163-7b3a104efe5d,"The attached spreadsheet shows the inventory for a movie and video game rental store in Seattle, Washington. What is the title of the oldest Blu-Ray recorded in this spreadsheet? Return it as appearing in the spreadsheet.",Blu-Ray_Expert,8,"The agent made a mistake in handling the NaN values in the 'Platform' column by dropping all NaN values from the DataFrame. As a result, entries with missing 'Platform' values were removed, leading the code to incorrectly report that no Blu-Ray entries were found in the inventory.",Incorrect handling of missing data leading to erroneous data filtering.
92.json,Algorithm-Generated,27d5d136-8563-469e-92bf-fd103c28b57c,"¬(A ∧ B) ↔ (¬A ∨ ¬B)
¬(A ∨ B) ↔ (¬A ∧ ¬B)
(A → B) ↔ (¬B → ¬A)
(A → B) ↔ (¬A ∨ B)
(¬A → B) ↔ (A ∨ ¬B)
¬(A → B) ↔ (A ∧ ¬B)

Which of the above is not logically equivalent to the rest? Provide the full statement that doesn't fit.",PythonDebugging_Expert,0,The proposed method to solve the problem is incorrect because no Python code is provided.,Failure to implement required functionality or provide executable solution.
93.json,Algorithm-Generated,08c0b6e9-1b43-4c2e-ae55-4e3fce2c2715,"In the film Goldfinger, what color was the object that James Bond concealed himself and his companion Pussy Galore at the end of the film? If there are multiple colors, put them in a comma-separated list in alphabetical order.",FilmCritic_Expert,4,The experts provide factual inaccuracies.,Factual inaccuracy in generated information.
94.json,Algorithm-Generated,0383a3ee-47a7-41a4-b493-519bdefe0488,"On the BBC Earth YouTube video of the Top 5 Silliest Animal Moments, what species of bird is featured?",AnimalBehavior_Expert,8,The AnimalBehavior_Expert provides no useful information.,Agent lacks required domain knowledge or data.
95.json,Algorithm-Generated,46719c30-f4c3-4cad-be07-d5cb21eee6bb,"Of the authors (First M. Last) that worked on the paper ""Pie Menus or Linear Menus, Which Is Better?"" in 2015, what was the title of the first paper authored by the one that had authored prior papers?",AcademicPublication_Expert,5,The expert failed to identify the correct title of the first paper authored by Pietro Murano.,Agent misidentified historical sequence of agent outputs.
96.json,Algorithm-Generated,a26649c6-1cb2-470a-871e-6910c64c3e53,"What is the absolute difference in tens of thousands between the population of chinstrap penguins on the Wikipedia page for penguin species populations as of the end of 2018 and the population recorded in the Nature.com ""global population assessment of the Chinstrap penguin"" article from 2020, assuming two penguins per breeding pair?",Data_Retrieval_Expert,1,"The expert didn't import the necessary tables, leading to the exhaustion of the step limits.",Agent exceeded step limits due to missing prerequisite data imports.
97.json,Algorithm-Generated,4fc2f1ae-8625-45b5-ab34-ad4433bc21f8,Who nominated the only Featured Article on English Wikipedia about a dinosaur that was promoted in November 2016?,WikipediaHistory_Expert,2,The code provided by WikipediaHistory_Expert is incorrect and does not return any useful results.,Agent provided incorrect or non-functional code.
98.json,Algorithm-Generated,ec09fa32-d03f-4bf8-84b0-1f16922c3ae4,"Here's a fun riddle that I think you'll enjoy.

You have been selected to play the final round of the hit new game show ""Pick That Ping-Pong"". In this round, you will be competing for a large cash prize. Your job will be to pick one of several different numbered ping-pong balls, and then the game will commence. The host describes how the game works.

A device consisting of a winding clear ramp and a series of pistons controls the outcome of the game. The ramp feeds balls onto a platform. The platform has room for three ping-pong balls at a time. The three balls on the platform are each aligned with one of three pistons. At each stage of the game, one of the three pistons will randomly fire, ejecting the ball it strikes. If the piston ejects the ball in the first position on the platform the balls in the second and third position on the platform each advance one space, and the next ball on the ramp advances to the third position. If the piston ejects the ball in the second position, the ball in the first position is released and rolls away, the ball in the third position advances two spaces to occupy the first position, and the next two balls on the ramp advance to occupy the second and third positions on the platform. If the piston ejects the ball in the third position, the ball in the first position is released and rolls away, the ball in the second position advances one space to occupy the first position, and the next two balls on the ramp advance to occupy the second and third positions on the platform.

The ramp begins with 100 numbered ping-pong balls, arranged in ascending order from 1 to 100. The host activates the machine and the first three balls, numbered 1, 2, and 3, advance to the platform. Before the random firing of the pistons begins, you are asked which of the 100 balls you would like to pick. If your pick is ejected by one of the pistons, you win the grand prize, $10,000.

Which ball should you choose to maximize your odds of winning the big prize? Please provide your answer as the number of the ball selected.",Probability_Expert,1,"The agent made an error in the simulation implementation, resulting in an incorrect outcome.",Simulation logic flaw due to incorrect state transition modeling.
99.json,Algorithm-Generated,99da66d8af02491f98b98c56b26c709e773b5a2ad945fb280375951ba600de09,"How much will I save by getting annual passes for a group of 4 adults and 1 student for the Philadelphia Museum of Art, compared to buying daily tickets, if we visit 5 times in a year (all non-consecutive days)?",Verification_Expert,2,"The price in this Python program is not the actual price, yet the Verification_Expert directly used it for calculation.",Agent used unverified data for critical calculation.
100.json,Algorithm-Generated,c7afe00869f98cf363fd83677ac41757ed5e57f03eacc3d1304feb0a92084bd1,What is the highest rated (according to IMDB) Daniel Craig movie that is less than 150 minutes and is available on Netflix (US)?,Movie_Expert,2,The Movie_Expert provides an incorrect list of Daniel Craig movies with a duration of less than 150 minutes. The expert should take the necessary steps to obtain accurate information. These inaccuracies result in the failure of subsequent processes and exhaust the step limit.,Agent provided inaccurate foundational data to downstream processes.
101.json,Algorithm-Generated,57d9dc6935e8a40b02e7f8ec81768fe70e68a0c05f6866927c9fda38db38a486,"How much will I save by getting annual passes for my family (2 adults, 1 kid age 5, 1 kid age 2) for the Seattle Children Museum, compared to buying daily tickets, if we visit 4 times in a year?",Tickets_Pricing_Expert,2,The Tickets_Pricing_Expert provides incorrect ticket prices. The expert should take the necessary steps to obtain accurate information. These inaccuracies result in the failure of subsequent processes.,Agent provided inaccurate foundational data.
102.json,Algorithm-Generated,52f7224e9c79431e7926afe317782711a0028750693e7456cde22ef6f4bd8bd5,What is the highest rated (according to IMDB) Isabelle Adjani feature film that is less than 2 hours and is available on Vudu (now called Fandango at Home) to buy or rent?,Filmography_Expert,1,The list of films provided by the Filmography_Expert is incorrect.,Agent provided inaccurate or incomplete information.
103.json,Algorithm-Generated,ccec2229ced20a4b0cb4897e3a99120a3017ea030903e01c9bda6b13d40b0b14,What is the closest eatery to Harkness Memorial State Park that is still open at 11pm on Wednesdays?,DataVerification_Expert,3,The Python code is incorrect.,Agent execution logic contains programming errors.
104.json,Algorithm-Generated,291b53e665b4dd4365cde995042db4a6f6fecef3fe3a6f4482f23d61bd673918,What is the link to the GFF3 file for beluga whales that was the most recent one on 20/10/2020?,PythonDebugging_Expert,0,The assistant provides an incorrect plan in response to an inaccurate question.,Incorrect plan generated from flawed user query.
105.json,Algorithm-Generated,b36ef2d8f2643b80e74a44ce3403f674ecb2aed7fd36afeaa289061a59feef92,Which gyms near Tompkins Square Park (<200m) have fitness classes before 7am?,Verification_Expert,6,"The Verification_Expert fails to identify issues with other agents, namely the Fitness_Expert and Local_Knowledge_Expert, who are not providing accurate information. These agents should utilize tools such as Python to obtain the correct data.",Failure in cross-agent verification and error detection.
106.json,Algorithm-Generated,e6bc98089608217e45b6956a46518fe3cce64a799b3ac43c6974c449ae14c408,"What's the highest price a high-rise apartment was sold for in Mission Bay, San Francisco, in 2021?",DataAnalysis_Expert,0,"The information provided initially is incorrect, leading to an incorrect conclusion.",Incorrect or unreliable initial information provided.
107.json,Algorithm-Generated,929b45f34805280d77c61d1e093e3d4e551d77ddb6ecd73552b12b1af286388d,The dog genome was first mapped in 2004 and has been updated several times since. What is the link to the files that were most relevant in May 2020?,Verification_Expert,6,"The verification process is incorrect. It should provide the most relevant link; instead, it provides a summary of the search results.",Incorrect verification of result relevance.
108.json,Algorithm-Generated,cca4776df3c73e7f9430a2e624aafad056b14322a0b7ca6c0c22b7e7f3f0890a,Which member of Apple’s Board of Directors did not hold C-suite positions at their companies when they joined the board?,Corporate_Governance_Expert,8,The expert should continue examining the search results for the remaining board members to finalize the findings.,Incomplete information gathering before finalizing analysis.
109.json,Algorithm-Generated,8ad84bd6fe38481ba49e7ad1f6fbd43219a999074e5c6fc940003281f55ec65b,Which supermarkets within 2 blocks of Lincoln Park in Chicago have ready-to-eat salad for under $15?,Verification_Expert,1,"The agent incorrectly assumes that there are 20 blocks per mile. According to available sources, in Chicago, one mile consists of 16 east-west blocks or 8 north-south blocks.",Incorrect conversion factor or unit assumption in spatial reasoning.
110.json,Algorithm-Generated,a9074997e698f912b9e751779ea19c1e92fa148404e90e0ae997acea3f9559b0,What are hikes in Yellowstone that have been recommended by at least three different people with kids and are highly rated on TripAdvisor (an average from 4.5/5 from at least 50 reviews)?,Verification_Expert,5,"The Verification_Expert generates an inaccurate summary of the search results and overlooks the original query, which specifies that the recommendation must come from at least three different individuals with children. By failing to consider children as a prerequisite, this oversight ultimately results in the failure of the task.",Failure to verify critical query constraints during result synthesis.
111.json,Algorithm-Generated,2aa5dd83fbcd0dce9a3dd4592106e5b5edf738008d932e357d477bba80e59ccf,"Based on recent years (2020-2023), how likely am I to hit a rainy day (at least 0.5mm of precipitation) if I travel to Seattle during the first week of September? (provide the answer in percentage)",Verification_Expert,8,"The Verification_Expert does not question the 0% result, which is highly unusual. It should take responsibility for further verifying the outcome and raising concerns with other agents.",Failure to challenge improbable results during verification.
112.json,Algorithm-Generated,e2dc3a6b10b762e8aba7fa4d4e70f757f6d04dcbc8b56c48fc53fd9928d31d07,"Based on the last decade (2014-2023), what is the likelihood that it will snow on New Year’s Eve in Chicago? (Provide the answer in percentage.)",HistoricalWeatherData_Expert,4,"The expert uses placeholders in the code to fetch data from an API, resulting in errors due to missing actual values.",Missing or invalid data source configuration
113.json,Algorithm-Generated,f88066d274e265edd6cd9d61cd80a41accb3a14baf2297652fdd05cdf716d455,"What popular hiking trails to waterfalls in Yosemite National Park (more than 1,000 reviews on TripAdvisor) have been recommended to be fully accessible to wheelchairs by at least three different people and are highly rated (4.5/5 or more on average)?",Reviews_Expert,7,"Instead of browsing the web, the agent fabricates the process of data collection and verification.",Agent bypasses required external data verification process.
114.json,Algorithm-Generated,6b06d186921b8b390c65aebd0d16f09f60a47d2f1288ebe36953f734e84c0a3c,"What's the smallest house (based on square footage) that has at least 2 beds and 2 baths and was sold in Prince Edward Island between June 1, 2022 and May 15 2024 according to Zillow?",Verification_Expert,1,The code provided by the Verification_Expert is unreasonable.,Verification of external expert output failed.
115.json,Algorithm-Generated,4dbedc5e1a0205e14b7ff3ba89bce3060dab15d0ada3b7e1351a6f2aa8287aec,"How much did I save by purchasing a season pass instead of daily tickets for California's Great America in San Jose, if I planned to visit once a month in June, July, August, and September during the summer of 2024?",Verification_Expert,1,The agent fails to collect price data for the daily tickets and season passes for California's Great America in 2024.,Insufficient data collection for required cost comparison.
116.json,Algorithm-Generated,2ddae3b7a208e3c25f14d82d7a1faaaa1832fbf950b4dac345e755c4c361f294,What's the lowest price a Single Family house was sold in Queen Anne in January 2023?,DataAnalysis_Expert,7,"The DataAnalysis_Expert generates data to answer the user's question, which is not the correct approach to solving the problem.",Agent misapplied data generation instead of retrieval.
117.json,Algorithm-Generated,748899d9d70c09beb3bd48ac8a3658bdcfd2f9114fe6dc4c4b8d2f9541ef4607,"How much does it cost to send an envelope with 1-week delivery from Rio de Janeiro to NYC with DHL, USPS, or Fedex? (Format your answers as a list of jsons with the keys ""sender"" and ""price (usd)"" for each option you find)",JSON_Expert,0,The assistant provides an incorrect plan in response to an incorrect question.,Incorrect plan generation due to erroneous input processing.
118.json,Algorithm-Generated,9baaa267c95f9d8b75741ee9169c50563d297cfa592c20deaffd30dbc5984c74,"Based on recent years (2020-2023), how likely am I to hit a day with a max temperature (in Fahrenheit) over 95 if I travel to Houston, Texas during June? (provide the answer in percentage)",Statistics_Expert,1,"The agent assumes the existence of the file houston_weather_june_2020_2023.csv, which is not provided in the task. The agent should search for the data source and create the file before proceeding with the analysis.",Missing or inaccessible required data source.
119.json,Algorithm-Generated,0ec4371851b96837b0a81b3dd3df401415061bb532fbafeb4609f3337c358508,Which gyms (not including gymnastics centers) in West Virginia are within 5 miles (by car) of the Mothman Museum?,Geometry_Expert,0,"The code is incorrect, as executing it returns no output.",Failure to produce output from code execution.
120.json,Algorithm-Generated,797f7a5b65ca28b7e7156e7db1e9f117bd4a021de0cd512bfdbb0be897d89eab,Which restaurants (not takeaway only) within 1 blocks of Washington Square Park have vegan mains for under $15?,Vegan_Food_Expert,8,"The Vegan_Food_Expert provides information directly without taking the necessary actions, resulting in incorrect information being provided.",Agent action omission leading to information inaccuracy.
121.json,Algorithm-Generated,9bdca8677af1e25cb7b0c7992dc62670c3e58e4afcd5ae60bcaa2483556bba00,"What is the cheapest option to mail a DVD to Colombia from Hartford, Connecticut using FedEx, DHL, or USPS? (The answer should be a json object with the keys ""sender"" and ""price (usd)"")",Debugging_Expert,1,The code provided by the Debugging_Expert is incorrect and unrelated to the task.,Agent provided irrelevant or incorrect code.
122.json,Algorithm-Generated,557e78eceec08ca8b0da5f9fdaca6e1c7ec6140a8ce600983ee716327dab005e,Which bar is closest to Mummers Museum in Philadelphia and is wheel chair accessible?,BingAPI_Expert,3,The code provided by the BingAPI_Expert is incorrect.,Agent provided incorrect or invalid code.
123.json,Algorithm-Generated,4e615af6f0348597b4133cc1ec5418bb3f35328e3d95e23a275027cee97b5e09,"Which paintball places in Cologne, Germany are within a 10 minute walk from a karting track?",Paintball_Expert,3,"The Paintball_Expert provides incorrect addresses for karting tracks and paintball venues in Cologne, Germany. The expert should take the necessary steps to gather accurate information. These inaccuracies result in the failure of subsequent processes and exhaust the step limit.",Agent provided inaccurate foundational data for location-based matching.
124.json,Algorithm-Generated,6f224e7730ed027cbac73aebb1aea7f954053082041b02b19f4ff126a0a8a208,Which members of Fubo's Management Team joined the company during the same year Fubo's IPO happened?,Research_Expert,8,The code is incorrect because it did not import the perform_web_search function.,Missing or incorrect function import.
125.json,Algorithm-Generated,6e3be83d1949fa52cba03fb1ce4b5b3bf7e37a83fd7d67694b10b2e439d90cf8,Where can I take martial arts classes within a five-minute walk from the New York Stock Exchange after work (7-9 pm)?,MartialArts_Expert,5,"The expert does not verify the schedule; instead, it merely assumes that the schedule is correct.",Failure to verify critical information before acting.
126.json,Algorithm-Generated,9e31099fffa6a3891c94934fd4fc2f3f522d51c1904ff3561f3a10e4bf245821,Which of the people in the monday.com C-suite did not have a C-suite position during the company's IPO?,CorporateHistory_IPOs_MondayCom_Expert,5,"The CorporateHistory_IPOs_MondayCom_Expert repeatedly writes incorrect code and provides inaccurate information in step 5, leading to a false conclusion.",Agent provided inaccurate information due to faulty reasoning.
1.json,Hand-Crafted,6e3be83d1949fa52cba03fb1ce4b5b3bf7e37a83fd7d67694b10b2e439d90cf8,Where can I take martial arts classes within a five-minute walk from the New York Stock Exchange after work (7-9 pm)?,WebSurfer,12,WebSurfer clicks on an irrelevant website and disrupts the task-solving process.,Agent navigation to irrelevant resources causing process disruption.
2.json,Hand-Crafted,55f4258484c5b398956133128a50462a767da211f8f72aa5ac5bbffb9bcbba1a,What is the worst rated series (according to Rotten Tomatoes) with more than 1 season that Ted Danson has starred in and is available on Amazon Prime Video (US)?,WebSurfer,4,The information obtained by WebSurfer is neither reliable nor satisfies the requirements of the Orchestrator.,Agent provided unreliable or insufficient information.
3.json,Hand-Crafted,0a65cb96-cb6e-4a6a-8aae-c1084f613456,"During the first week of August 2015, one of the NASA Astronomy Pictures of the Day shows the lights of a city on the horizon. The namesake of this city also has a landmark building in Chicago named after him. What is the name of the architectural firm that designed this landmark building? Give the first name appearing in the name of the firm as of June 2023.",WebSurfer,32,The WebSurfer should find the clickable link to the APOD image for the first week of August 2015 and extract the city name from the image's description.,Failure to locate and extract required information from a specified source.
4.json,Hand-Crafted,f88066d274e265edd6cd9d61cd80a41accb3a14baf2297652fdd05cdf716d455,"What popular hiking trails to waterfalls in Yosemite National Park (more than 1,000 reviews on TripAdvisor) have been recommended to be fully accessible to wheelchairs by at least three different people and are highly rated (4.5/5 or more on average)?",WebSurfer,8,"The WebSurfer should visit TripAdvisor pages for specific trails to verify the number of reviews, average rating, instead it over relys on search results.",Over-reliance on secondary data instead of primary source verification.
5.json,Hand-Crafted,ed58682d-bc52-4baa-9eb0-4eb81e1edacc,What is the last word before the second chorus of the King of Pop's fifth single from his sixth studio album?,WebSurfer,12,The WebSurfer did not provide the correct OCR text for the lyrics of the song 'Human Nature' by Michael Jackson in the bing search results.,Agent failed to retrieve accurate text data from web source.
6.json,Hand-Crafted,e6bc98089608217e45b6956a46518fe3cce64a799b3ac43c6974c449ae14c408,"What's the highest price a high-rise apartment was sold for in Mission Bay, San Francisco, in 2021?",Orchestrator,5,The agent does not verify the information and check whether the highest price of the house is located at Mission Bay. The search result is not accurate.,Failure to verify information accuracy against source data.
7.json,Hand-Crafted,a1e91b78-d3d8-4675-bb8d-62741b4b68a6,"In the video https://www.youtube.com/watch?v=L1vXCYZAYYM, what is the highest number of bird species to be on camera simultaneously?",WebSurfer,8,"The WebSurfer directly reaches a conclusion without performing the correct actions, such as taking a screenshot and extracting the bird species.",Agent skipped required observation or verification steps.
8.json,Hand-Crafted,9e31099fffa6a3891c94934fd4fc2f3f522d51c1904ff3561f3a10e4bf245821,Which of the people in the monday.com C-suite did not have a C-suite position during the company's IPO?,WebSurfer,8,The WebSurfer does not click on useful information.,Agent fails to execute necessary navigation actions.
9.json,Hand-Crafted,e2d69698-bc99-4e85-9880-67eaccd66e6c,"As of August 2023, who is the only winner of the US version of Survivor to be born in the month of May?",Orchestrator,25,"The Orchestrator should not replan. The answer is in the previous step, while it should try to verify the birthdate of the provided winners one by one.",Failure to verify prior results before initiating new planning.
10.json,Hand-Crafted,8ad84bd6fe38481ba49e7ad1f6fbd43219a999074e5c6fc940003281f55ec65b,Which supermarkets within 2 blocks of Lincoln Park in Chicago have ready-to-eat salad for under $15?,Orchestrator,9,"The Orchestrator should not directly decide to check other criteria. In fact, WebSurfer did not provide a full list of supermarkets in the previous step.",Orchestrator overstepped by making decisions based on incomplete subordinate agent data.
11.json,Hand-Crafted,624cbf11-6a41-4692-af9c-36b3e5ca3130,What's the last line of the rhyme under the flavor name on the headstone visible in the background of the photo of the oldest flavor's headstone in the Ben & Jerry's online flavor graveyard as of the end of 2022?,WebSurfer,24,The agent should recognize that the website has clickable and expandable tabs containing the full rhyme for each flavor.,Failure to interact with dynamic website elements.
12.json,Hand-Crafted,2dfc4c37-fec1-4518-84a7-10095d30ad75,"According to Box Office Mojo's 2020 Worldwide Box Office list, how many of the top 10 highest-grossing worldwide movies are also on the top 10 highest-grossing domestic movies? Your answer should be a numerical integer value.",Assistant,16,"When listing the top 10 domestic movies, the assistant omitted 'Demon Slayer: Kimetsu no Yaiba - The Movie: Mugen Train' and included 'Wonder Woman 1984' instead. This led to an incorrect count of common movies between the two lists.",Incorrect data selection from a specified source list.
13.json,Hand-Crafted,9baaa267c95f9d8b75741ee9169c50563d297cfa592c20deaffd30dbc5984c74,"Based on recent years (2020-2023), how likely am I to hit a day with a max temperature (in Fahrenheit) over 95 if I travel to Houston, Texas during June? (provide the answer in percentage)",WebSurfer,12,"The websurfer did not actually enter the location and click the view. Therefore the website keeps on the same page and the same OCR result. If the location is correctly entered, the website link will change.",Agent failed to execute required navigation action.
14.json,Hand-Crafted,8d46b8d6-b38a-47ff-ac74-cda14cf2d19b,What percentage of the total penguin population according to the upper estimates on english Wikipedia at the end of 2012 is made up by the penguins in this file that don't live on Dream Island or have beaks longer than 42mm? Round to the nearest five decimal places.,Orchestrator,14,The code is wrong.,Incorrect or flawed algorithmic implementation.
15.json,Hand-Crafted,efc0f3a47e9ed2ecdbcc037c2093865fe6e39f4d413a5d1ccdc7357160a4606b,Which Fidelity international emerging markets equity mutual fund with $0 transaction fees had the lowest percentage increase between May 2019 to May 2024?,WebSurfer,8,"WebSurfer should refer to the list of funds on Fidelity's official website to find the correct answer and should not rely on third-party websites, which may lack comprehensive information.",Reliance on unverified external data sources over primary authoritative sources.
16.json,Hand-Crafted,52f7224e9c79431e7926afe317782711a0028750693e7456cde22ef6f4bd8bd5,What is the highest rated (according to IMDB) Isabelle Adjani feature film that is less than 2 hours and is available on Vudu (now called Fandango at Home) to buy or rent?,Orchestrator,15,"The Orchestrator should let the Websurfer scroll down to check more movies. Moreover, there are search filters for keywords related to the runtime of the movie, but the agent fails to recognize based on the OCR. This can be achieved by scrolling down to explore further the page.",Failure to execute iterative exploration or apply available search filters.
17.json,Hand-Crafted,ccec2229ced20a4b0cb4897e3a99120a3017ea030903e01c9bda6b13d40b0b14,What is the closest eatery to Harkness Memorial State Park that is still open at 11pm on Wednesdays?,WebSurfer,8,WebSurfer did not retrieve a list of eateries near Harkness Memorial State Park sorted by distance and operating hours. The keyword it entered was insufficient.,Insufficient search parameters for targeted information retrieval.
18.json,Hand-Crafted,57d9dc6935e8a40b02e7f8ec81768fe70e68a0c05f6866927c9fda38db38a486,"How much will I save by getting annual passes for my family (2 adults, 1 kid age 5, 1 kid age 2) for the Seattle Children Museum, compared to buying daily tickets, if we visit 4 times in a year?",WebSurfer,16,There is no membership information.,Missing required external data or resource.
19.json,Hand-Crafted,6f224e7730ed027cbac73aebb1aea7f954053082041b02b19f4ff126a0a8a208,Which members of Fubo's Management Team joined the company during the same year Fubo's IPO happened?,Orchestrator,50,"The Orchestrator should not decide to replan. WebSurfer has already triggered the button for 2020, but the Orchestrator did not give it a chance to click.",Premature replanning interrupting sequential action execution.
20.json,Hand-Crafted,5f982798-16b9-4051-ab57-cfc7ebdb2a91,"I read a paper about multiwavelength observations of fast radio bursts back in March 2021 on Arxiv, and it had a fascinating diagram of an X-ray time profile. There was a similar burst-1 diagram in another paper from one of the same authors about fast radio bursts back in July 2020, but I can't recall what the difference in seconds in the measured time span was. How many more seconds did one measure than the other? Just give the number.",WebSurfer,3,"WebSurfer's inability to reliably access the requested documents resulted in the overall task failure, as the necessary time span data could not be extracted or compared. This underscores the need for enhanced fallback mechanisms and more robust search strategies.",Agent failed due to inability to access required information sources.
21.json,Hand-Crafted,840bfca7-4f7b-481a-8794-c560c340185d,"On June 6, 2023, an article by Carolyn Collins Petersen was published in Universe Today. This article mentions a team that produced a paper about their observations, linked at the bottom of the article. Find this paper. Under what NASA award number was the work performed by R. G. Arendt supported by?",WebSurfer,4,"WebSurfer encountered difficulties in locating and accessing the acknowledgment section of the paper, causing a delay in identifying the NASA award number associated with R.G. Arendt.",Failure to locate required information within a document's structural elements.
22.json,Hand-Crafted,b816bfce-3d80-4913-a07d-69b752ce6377,"In Emily Midkiff's June 2014 article in a journal named for the one of Hreidmar's sons that guarded his house, what word was quoted from two different authors in distaste for the nature of dragon depictions?",FileSurfer,4,"FileSurfer failed to access the article due to a 404 File Not Found error, leading to an incorrect guess (tricksy) instead of the correct word (fluffy) ",Resource access failure due to unavailable external data source.
23.json,Hand-Crafted,9bdca8677af1e25cb7b0c7992dc62670c3e58e4afcd5ae60bcaa2483556bba00,"What is the cheapest option to mail a DVD to Colombia from Hartford, Connecticut using FedEx, DHL, or USPS? (The answer should be a json object with the keys ""sender"" and ""price (usd)"")",WebSurfer,8,The WebSurfer did not return the useful information needed to answer the question.,Agent failed to retrieve required external data.
24.json,Hand-Crafted,42576abe-0deb-4869-8c63-225c2d75a95a,"In the fictional language of Tizin, basic sentences are arranged with the Verb first, followed by the direct object, followed by the subject of the sentence. I want to express my love for apples to my Tizin friend.",Orchestrator,1,The Orchestrator made an error when performing the translation.,Orchestrator misapplied linguistic transformation rules.
25.json,Hand-Crafted,42d4198c-5895-4f0a-b0c0-424a66465d83,I'm curious about how much information is available for popular video games before their release. Find the Wikipedia page for the 2019 game that won the British Academy Games Awards. How many revisions did that page have before the month listed as the game's release date on that Wikipedia page (as of the most recent entry from 2022)?,Orchestrator,18,The Orchestrator should count the total number of revisions. The task has not yet been fully completed.,Incomplete task execution due to missing final step.
26.json,Hand-Crafted,114d5fd0-e2ae-4b6d-a65a-870da2d19c08,"In the endnote found in the second-to-last paragraph of page 11 of the book with the doi 10.2307/j.ctv9b2xdv, what date in November was the Wikipedia article accessed? Just give the day of the month.",FileSurfer,32,FileSurfer didn't correctly extract the relevant information but directly gave a wrong answer.,Information extraction failure leading to incorrect direct output.
27.json,Hand-Crafted,5d0080cb-90d7-4712-bc33-848150e917d3,"What was the volume in m^3 of the fish bag that was calculated in the University of Leicester paper ""Can Hiccup Supply Enough Fish to Maintain a Dragon’s Diet?""",WebSurfer,4,WebSurfer failed to locate the specific volume in the University of Leicester paper due to incomplete data retrieval from the journal's website and insufficient progress in analyzing the full PDF.,Incomplete data retrieval and insufficient document analysis progress.
28.json,Hand-Crafted,557e78eceec08ca8b0da5f9fdaca6e1c7ec6140a8ce600983ee716327dab005e,Which bar is closest to Mummers Museum in Philadelphia and is wheel chair accessible?,WebSurfer,8,The searching result is wrong.,Incorrect or unreliable information retrieval.
29.json,Hand-Crafted,73c1b9fe-ee1d-4cf4-96ca-35c08f97b054,"According to the USGS, in what year was the American Alligator first found west of Texas (not including Texas)?",WebSurfer,12,It did not return anything useful.,Agent produced no actionable output.
30.json,Hand-Crafted,2ddae3b7a208e3c25f14d82d7a1faaaa1832fbf950b4dac345e755c4c361f294,What's the lowest price a Single Family house was sold in Queen Anne in January 2023?,Assistant,82,"Assistant naviagtes the agents group to a wrong direction - contacting the offices for the result. Instead, the agents should solve the problems by themselves.",Incorrect delegation of problem-solving to external resources.
31.json,Hand-Crafted,0ec4371851b96837b0a81b3dd3df401415061bb532fbafeb4609f3337c358508,Which gyms (not including gymnastics centers) in West Virginia are within 5 miles (by car) of the Mothman Museum?,Orchestrator,9,"The list of gyms within 5 miles of 400 Main Street, Point Pleasant, WV 25550 is actually not shown in full at step 8. The Orchestrator then decides to search them one by one but does not confirm whether the list is complete.",Incomplete list verification before initiating iterative search.
32.json,Hand-Crafted,929b45f34805280d77c61d1e093e3d4e551d77ddb6ecd73552b12b1af286388d,The dog genome was first mapped in 2004 and has been updated several times since. What is the link to the files that were most relevant in May 2020?,Orchestrator,6,It provides incorrect instructions.,Incorrect or hallucinated procedural guidance provided.
33.json,Hand-Crafted,72e110e7-464c-453c-a309-90a95aed6538,"Under DDC 633 on Bielefeld University Library's BASE, as of 2020, from what country was the unknown language article with a flag unique from the others?",WebSurfer,8,WebSurfer failed to provide useful information and encountered errors during the process.,Agent failed to retrieve or process required information from external source.
34.json,Hand-Crafted,56137764-b4e0-45b8-9c52-1866420c3df5,Which contributor to the version of OpenCV where support was added for the Mask-RCNN model has the same name as a former Chinese head of government when the names are transliterated to the Latin alphabet?,WebSurfer,4,"WebSurfer returned general and unrelated information due to poorly refined queries and failed to identify the specific version of OpenCV where Mask-RCNN support was added. This failure caused subsequent steps to proceed based on incorrect or incomplete data, leading to the wrong final answer.",Insufficient query refinement leading to cascading information retrieval failure.
35.json,Hand-Crafted,4dbedc5e1a0205e14b7ff3ba89bce3060dab15d0ada3b7e1351a6f2aa8287aec,"How much did I save by purchasing a season pass instead of daily tickets for California's Great America in San Jose, if I planned to visit once a month in June, July, August, and September during the summer of 2024?",WebSurfer,12,"WebSurfer's OCR did not correctly extract the required information (the prices of daily and season passes), leading the Orchestrator to think that the required information is not on the current page, when in fact it is.",OCR extraction failure leading to missed on-page information.
36.json,Hand-Crafted,c7afe00869f98cf363fd83677ac41757ed5e57f03eacc3d1304feb0a92084bd1,What is the highest rated (according to IMDB) Daniel Craig movie that is less than 150 minutes and is available on Netflix (US)?,Orchestrator,9,"The Orchestrator should instruct WebSurfer to collect the full list of Daniel Craig's movies on IMDb. Instead, it only displayed 18% of the page, leading the Orchestrator to incorrectly conclude that the movie list was complete.",Incomplete data retrieval due to partial page processing.
37.json,Hand-Crafted,8b3379c0-0981-4f5b-8407-6444610cb212,What is the maximum length in meters of #9 in the first National Geographic short on YouTube that was ever released according to the Monterey Bay Aquarium website? Just give the number.,WebSurfer,4,The key word should include Monterey Bay Aquarium website.,Missing required external knowledge source.
38.json,Hand-Crafted,a9074997e698f912b9e751779ea19c1e92fa148404e90e0ae997acea3f9559b0,What are hikes in Yellowstone that have been recommended by at least three different people with kids and are highly rated on TripAdvisor (an average from 4.5/5 from at least 50 reviews)?,Orchestrator,3,"The Orchestrator should instruct WebSurfer to search for hikes on TripAdvisor to verify the ratings and review counts, instead of merely searching the web.",Orchestrator failed to specify required validation steps to a subordinate agent.
39.json,Hand-Crafted,291b53e665b4dd4365cde995042db4a6f6fecef3fe3a6f4482f23d61bd673918,What is the link to the GFF3 file for beluga whales that was the most recent one on 20/10/2020?,Orchestrator,30,The instrcution is wrong.,Instruction misinterpretation or ambiguity.
40.json,Hand-Crafted,6b06d186921b8b390c65aebd0d16f09f60a47d2f1288ebe36953f734e84c0a3c,"What's the smallest house (based on square footage) that has at least 2 beds and 2 baths and was sold in Prince Edward Island between June 1, 2022 and May 15 2024 according to Zillow?",WebSurfer,16,"WebSurfer makes two mistakes in this step, leading to failure. 1. It does not include the '2+ bathrooms' criterion in the search, resulting in invalid results. 2. It directly reaches a wrong conclusion by using intermediate search results.",Agent omitted critical search criteria and prematurely concluded from incomplete data.
41.json,Hand-Crafted,ebbc1f13-d24d-40df-9068-adcf735b4240,"The Latin root of the Yola word ""gimlie"" shares a spelling with a Spanish word. What is the Google translation of the source title for the 1994 example sentence for that word in the Collins Spanish-to-English dictionary online? Answer in plain text, without punctuation.",WebSurfer,8,"WebSurfer misinterpreted or failed to retrieve the correct Latin root, leading to confusion in identifying the related Spanish word, thereby derailing subsequent steps.",Agent misinterpreted source data causing cascading failure
42.json,Hand-Crafted,7673d772-ef80-4f0f-a602-1bf4485c9b43,"On Cornell Law School website's legal information institute, under the fifth section of federal rules alphabetically, what word was deleted in the last amendment to the first rule in the article that has ""witnesses"" in the most titles as of 2021?",Orchestrator,29,The Orchestrator should not directly draw a conclusion if enough information has not been gathered to answer the query. It should replan to address the query.,Premature conclusion without sufficient information gathering.
43.json,Hand-Crafted,db4fd70a-2d37-40ea-873f-9433dc5e301f,"As of May 2023, how many stops are between South Station and Windsor Gardens on MBTA’s Franklin-Foxboro line (not included)?",Assistant,12,The caculation is wrong.,Incorrect execution of a procedural or computational step.
44.json,Hand-Crafted,748899d9d70c09beb3bd48ac8a3658bdcfd2f9114fe6dc4c4b8d2f9541ef4607,"How much does it cost to send an envelope with 1-week delivery from Rio de Janeiro to NYC with DHL, USPS, or Fedex? (Format your answers as a list of jsons with the keys ""sender"" and ""price (usd)"" for each option you find)",WebSurfer,39,The retrieved information is not useful.,Insufficient or irrelevant information retrieved for task execution.
45.json,Hand-Crafted,a3fbeb63-0e8c-4a11-bff6-0e3b484c3e9c,How many slides in this PowerPoint presentation mention crustaceans?,Orchestrator,20,The Orchestrator encountered an error while processing the data.,Orchestrator failure during data processing phase.
46.json,Hand-Crafted,16d825ff-1623-4176-a5b5-42e0f5c2b0ac,"What time was the Tri-Rail train that carried the most passengers on May 27, 2019 scheduled to arrive in Pompano Beach? Express your answer in the 12-hour digital clock format without leading zero if any, and include whether it is AM or PM.",WebSurfer,32,"The search tool does not return the desired information regarding the passenger count of each train in 2019. Therefore, the train with the highest number of passengers and its scheduled arrival time at Pompano Beach cannot be determined.",External data source lacks required information for key parameter.
47.json,Hand-Crafted,0a3cd321-3e76-4622-911b-0fda2e5d6b1a,"According to the World Bank, which countries had gross savings of over 35% of GDP for every year in the period 2001-2010? Give your answer as a comma-separated list of countries in alphabetical order. Use the countries most common names in english when answering.",Orchestrator,51,The Orchestrator writes incorrect code.,Orchestrator generated incorrect or faulty instructions.
48.json,Hand-Crafted,2aa5dd83fbcd0dce9a3dd4592106e5b5edf738008d932e357d477bba80e59ccf,"Based on recent years (2020-2023), how likely am I to hit a rainy day (at least 0.5mm of precipitation) if I travel to Seattle during the first week of September? (provide the answer in percentage)",WebSurfer,4,The agent didn't find enough information to answer the question but directly gave the answer.,Insufficient information validation before generating final output.
49.json,Hand-Crafted,14569e28-c88c-43e4-8c32-097d35b9a67d,"In Unlambda, what exact charcter or text needs to be added to correct the following code to output ""For penguins""? If what is needed is a character, answer with the name of the character. If there are different names for the character, use the shortest. The text location is not needed. Code:",WebSurfer,12,The reasoning process is wrong.,Incorrect reasoning or flawed logical inference.
50.json,Hand-Crafted,797f7a5b65ca28b7e7156e7db1e9f117bd4a021de0cd512bfdbb0be897d89eab,Which restaurants (not takeaway only) within 1 blocks of Washington Square Park have vegan mains for under $15?,WebSurfer,5,The information it obtains is incorrect.,Incorrect or unreliable information retrieval.
51.json,Hand-Crafted,1f975693-876d-457b-a649-393859e79bf3,"Hi, I was out sick from my classes on Friday, so I'm trying to figure out what I need to study for my Calculus mid-term next week. My friend from class sent me an audio recording of Professor Willowbrook giving out the recommended reading for the test, but my headphones are broken :(",FileSurfer,5,"The agent should provide a transcription of the audio file to extract the page numbers, but it failed to transcribe the audio.",Agent lacks capability to process audio input.
52.json,Hand-Crafted,b36ef2d8f2643b80e74a44ce3403f674ecb2aed7fd36afeaa289061a59feef92,Which gyms near Tompkins Square Park (<200m) have fitness classes before 7am?,WebSurfer,4,The search results of WebSurfer did not include the gym 'Avea Pilates' which is near Tompkins Square Park.,Incomplete or outdated information retrieval from search results.
53.json,Hand-Crafted,72c06643-a2fa-4186-aa5c-9ec33ae9b445,"What is the volume in milliliters of a system comprised of 0.312 kg Freon-12 refrigerant when placed at the bottom of the Marianas Trench and allowed to stabilize at the Trench's peak temperature, rounded to the nearest mL? Provide your answer as just an integer value.",Assistant,24,The assistant agent makes calculations with factual errors. The density of liquid Freon-12 under the required conditions is not provided. The calculation is based on an approximation of the density.,Incorrect calculation due to missing or approximated parameter values.
54.json,Hand-Crafted,a0c07678-e491-4bbc-8f0b-07405144218f,"Who are the pitchers with the number before and after Taishō Tamai's number as of July 2023? Give them to me in the form Pitcher Before, Pitcher After, use their last names only, in Roman characters.",WebSurfer,15,"The agent provides information about the current roster, but the question asks for the roster as of July 2023. THe agent should search for the roster of Hokkaido Nippon-Ham Fighters in 2023.",Temporal scope mismatch between query and data retrieval.
55.json,Hand-Crafted,cca4776df3c73e7f9430a2e624aafad056b14322a0b7ca6c0c22b7e7f3f0890a,Which member of Apple’s Board of Directors did not hold C-suite positions at their companies when they joined the board?,Orchestrator,18,"The Orchestrator should instruct WebSurfer to search for the professional history of each board member to determine whether they held C-suite positions before joining Apple's Board. Instead, it repeatedly instructs WebSurfer to scroll on the same page.",Orchestrator issued repetitive navigation commands instead of varied information retrieval instructions.
56.json,Hand-Crafted,08cae58d-4084-4616-b6dd-dd6534e4825b,"According to Google Finance, when was the first year the Apple stock went above $50 (without adjusting for stock split)?",WebSurfer,4,"The page retrieved by WebSurfer does not provide relevant information to address the question, causing the Orchestrator to rely on its own assumptions and make a guess.",Insufficient information retrieval leading to speculative reasoning.
57.json,Hand-Crafted,3af8028c2a59e28ca88baff0e6d91f2a9f170c5ef91003f1c8406755a2760ad4,"Which Magic: The Gathering Standard card (non-foil paper version released in its original set) that was banned at the same time as Oko, Thief of Crowns (including Oko, Crown of Thorns) had the highest price decrease from its all-time high to its all-time low?",WebSurfer,12,"WebSurfer's query is not concise enough to retrieve complete information to answer the original question, which leads to reaching the maximum time limit.",Agent query formulation insufficient for information retrieval within constraints.
58.json,Hand-Crafted,7619a514-5fa8-43ef-9143-83b66a43d7a4,"According to github, when was Regression added to the oldest closed numpy.polynomial issue that has the Regression label in MM/DD/YY?",Orchestrator,22,It failed to extract useful information from the Issue page.,Information extraction failure from source content.
